id;nombre;apellido;genero;rol;telefono;direccion
1;Buckinghamshire Internal;SDD multimedia Soft;synthesize;30973;2020-05-14T17:24:57;Credit Card Account
2;primary Fish maroon;connecting Leone Path;FTP Ohio neural;43285;2020-05-14T08:35:50;COM Rustic Handmade
3;Bedfordshire user-centric;Wooden Triple-buffered Borders;indigo Forward open-source;936;2020-05-13T21:38:49;Run
4;Facilitator proactive Balboa US Dollar;Fantastic Concrete Towels bluetooth;Honduras 4th generation;73563;2020-05-14T16:02:35;Legacy
5;Face to face Cyprus;navigating;Credit Card Account Corporate;9611;2020-05-13T21:54:33;Directives
6;virtual;Auto Loan Account radical;Bedfordshire;17197;2020-05-14T14:57:01;array auxiliary
7;Human Nakfa;transmitter Oklahoma;collaborative;43302;2020-05-14T05:44:47;demand-driven virtual
8;open-source Executive;indigo Avon bypassing;backing up invoice concept;57993;2020-05-14T01:52:39;Equatorial Guinea
9;Industrial Checking Account;Ergonomic Granite Cheese Fords;Legacy payment;38215;2020-05-14T01:36:37;Administrator deposit
10;bandwidth enterprise;back up Plastic Won;withdrawal;15513;2020-05-14T01:29:15;grow
